<?xml version="1.0" encoding="UTF-8"?>
<GenRun Id="synth_1" LaunchPart="xc7a35tcpg236-1" LaunchTime="1706890061">
  <File Type="PA-TCL" Name="main.tcl"/>
  <File Type="REPORTS-TCL" Name="main_reports.tcl"/>
  <File Type="RDS-RDS" Name="main.vds"/>
  <File Type="RDS-DCP" Name="main.dcp"/>
  <FileSet Name="sources" Type="DesignSrcs" RelSrcDir="$PSRCDIR/sources_1">
    <Filter Type="Srcs"/>
    <File Path="$PPRDIR/../project_1/project_1.srcs/sources_1/new/main.v">
      <FileInfo>
        <Attr Name="ImportPath" Val="$PPRDIR/../../../../../GitLab/school-work/NUS/Y1S2/EE2026/Labs/Lab 1/graded_post_lab_assignment_1/graded_post_lab_assignment_1.srcs/sources_1/new/main.v"/>
        <Attr Name="ImportTime" Val="1706890043"/>
        <Attr Name="UsedIn" Val="synthesis"/>
        <Attr Name="UsedIn" Val="implementation"/>
        <Attr Name="UsedIn" Val="simulation"/>
      </FileInfo>
    </File>
    <Config>
      <Option Name="DesignMode" Val="RTL"/>
      <Option Name="TopModule" Val="main"/>
      <Option Name="TopAutoSet" Val="TRUE"/>
    </Config>
  </FileSet>
  <FileSet Name="constrs_in" Type="Constrs" RelSrcDir="$PSRCDIR/constrs_1">
    <Filter Type="Constrs"/>
    <File Path="$PSRCDIR/constrs_1/new/basys3_constraints.xdc">
      <FileInfo>
        <Attr Name="ImportPath" Val="$PPRDIR/../../../../../GitLab/school-work/NUS/Y1S2/EE2026/Labs/Lab 1/graded_post_lab_assignment_1/graded_post_lab_assignment_1.srcs/constrs_1/new/basys3_constraints.xdc"/>
        <Attr Name="ImportTime" Val="1706490481"/>
        <Attr Name="UsedIn" Val="synthesis"/>
        <Attr Name="UsedIn" Val="implementation"/>
      </FileInfo>
    </File>
    <Config>
      <Option Name="ConstrsType" Val="XDC"/>
    </Config>
  </FileSet>
  <Strategy Version="1" Minor="2">
    <StratHandle Name="Vivado Synthesis Defaults" Flow="Vivado Synthesis 2018"/>
    <Step Id="synth_design"/>
  </Strategy>
</GenRun>
