<?xml version="1.0" encoding="UTF-8" ?>
<webTalkData  fileName='usage_statistics_webtalk.xml'  majorVersion='1' minorVersion='0' timeStamp='Sat Feb  3 00:08:48 2024'>
<section name="__ROOT__" level="0" order="1" description="">
 <section name="software_version_and_target_device" level="1" order="1" description="">
  <keyValuePair key="beta" value="FALSE" description="" />
  <keyValuePair key="build_version" value="2258646" description="" />
  <keyValuePair key="date_generated" value="Sat Feb  3 00:08:48 2024" description="" />
  <keyValuePair key="os_platform" value="WIN64" description="" />
  <keyValuePair key="product_version" value="Vivado v2018.2 (64-bit)" description="" />
  <keyValuePair key="project_id" value="d0b4ac8be86341f285f399cdda70b1cb" description="" />
  <keyValuePair key="project_iteration" value="11" description="" />
  <keyValuePair key="random_id" value="b9f4b85f-6b69-4cd3-a591-0e9729641730" description="" />
  <keyValuePair key="registration_id" value="b9f4b85f-6b69-4cd3-a591-0e9729641730" description="" />
  <keyValuePair key="route_design" value="TRUE" description="" />
  <keyValuePair key="target_device" value="xc7a35t" description="" />
  <keyValuePair key="target_family" value="artix7" description="" />
  <keyValuePair key="target_package" value="cpg236" description="" />
  <keyValuePair key="target_speed" value="-1" description="" />
  <keyValuePair key="tool_flow" value="Vivado" description="" />
 </section>
 <section name="user_environment" level="1" order="2" description="">
  <keyValuePair key="cpu_name" value="AMD Ryzen 7 7840HS w/ Radeon 780M Graphics     " description="" />
  <keyValuePair key="cpu_speed" value="3793 MHz" description="" />
  <keyValuePair key="os_name" value="Microsoft Windows 8 or later , 64-bit" description="" />
  <keyValuePair key="os_release" value="major release  (build 9200)" description="" />
  <keyValuePair key="system_ram" value="33.000 GB" description="" />
  <keyValuePair key="total_processors" value="1" description="" />
 </section>
 <section name="report_drc" level="1" order="3" description="">
  <section name="command_line_options" level="2" order="1" description="">
   <keyValuePair key="-append" value="default::[not_specified]" description="" />
   <keyValuePair key="-checks" value="default::[not_specified]" description="" />
   <keyValuePair key="-fail_on" value="default::[not_specified]" description="" />
   <keyValuePair key="-force" value="default::[not_specified]" description="" />
   <keyValuePair key="-format" value="default::[not_specified]" description="" />
   <keyValuePair key="-internal" value="default::[not_specified]" description="" />
   <keyValuePair key="-internal_only" value="default::[not_specified]" description="" />
   <keyValuePair key="-messages" value="default::[not_specified]" description="" />
   <keyValuePair key="-name" value="default::[not_specified]" description="" />
   <keyValuePair key="-no_waivers" value="default::[not_specified]" description="" />
   <keyValuePair key="-return_string" value="default::[not_specified]" description="" />
   <keyValuePair key="-ruledecks" value="default::[not_specified]" description="" />
   <keyValuePair key="-upgrade_cw" value="default::[not_specified]" description="" />
   <keyValuePair key="-waived" value="default::[not_specified]" description="" />
  </section>
 </section>
 <section name="report_methodology" level="1" order="4" description="">
  <section name="command_line_options" level="2" order="1" description="">
   <keyValuePair key="-append" value="default::[not_specified]" description="" />
   <keyValuePair key="-checks" value="default::[not_specified]" description="" />
   <keyValuePair key="-fail_on" value="default::[not_specified]" description="" />
   <keyValuePair key="-force" value="default::[not_specified]" description="" />
   <keyValuePair key="-format" value="default::[not_specified]" description="" />
   <keyValuePair key="-messages" value="default::[not_specified]" description="" />
   <keyValuePair key="-name" value="default::[not_specified]" description="" />
   <keyValuePair key="-return_string" value="default::[not_specified]" description="" />
   <keyValuePair key="-waived" value="default::[not_specified]" description="" />
  </section>
 </section>
 <section name="report_power" level="1" order="5" description="">
  <section name="command_line_options" level="2" order="1" description="">
   <keyValuePair key="-advisory" value="default::[not_specified]" description="" />
   <keyValuePair key="-append" value="default::[not_specified]" description="" />
   <keyValuePair key="-file" value="[specified]" description="" />
   <keyValuePair key="-format" value="default::text" description="" />
   <keyValuePair key="-hier" value="default::power" description="" />
   <keyValuePair key="-l" value="default::[not_specified]" description="" />
   <keyValuePair key="-name" value="default::[not_specified]" description="" />
   <keyValuePair key="-no_propagation" value="default::[not_specified]" description="" />
   <keyValuePair key="-return_string" value="default::[not_specified]" description="" />
   <keyValuePair key="-rpx" value="[specified]" description="" />
   <keyValuePair key="-verbose" value="default::[not_specified]" description="" />
   <keyValuePair key="-vid" value="default::[not_specified]" description="" />
   <keyValuePair key="-xpe" value="default::[not_specified]" description="" />
  </section>
  <section name="usage" level="2" order="2" description="">
   <keyValuePair key="airflow" value="250 (LFM)" description="" />
   <keyValuePair key="ambient_temp" value="25.0 (C)" description="" />
   <keyValuePair key="bi-dir_toggle" value="12.500000" description="" />
   <keyValuePair key="bidir_output_enable" value="1.000000" description="" />
   <keyValuePair key="board_layers" value="12to15 (12 to 15 Layers)" description="" />
   <keyValuePair key="board_selection" value="medium (10&quot;x10&quot;)" description="" />
   <keyValuePair key="confidence_level_clock_activity" value="High" description="" />
   <keyValuePair key="confidence_level_design_state" value="High" description="" />
   <keyValuePair key="confidence_level_device_models" value="High" description="" />
   <keyValuePair key="confidence_level_internal_activity" value="High" description="" />
   <keyValuePair key="confidence_level_io_activity" value="Low" description="" />
   <keyValuePair key="confidence_level_overall" value="Low" description="" />
   <keyValuePair key="customer" value="TBD" description="" />
   <keyValuePair key="customer_class" value="TBD" description="" />
   <keyValuePair key="devstatic" value="0.109836" description="" />
   <keyValuePair key="die" value="xc7a35tcpg236-1" description="" />
   <keyValuePair key="dsp_output_toggle" value="12.500000" description="" />
   <keyValuePair key="dynamic" value="7.465915" description="" />
   <keyValuePair key="effective_thetaja" value="5.0" description="" />
   <keyValuePair key="enable_probability" value="0.990000" description="" />
   <keyValuePair key="family" value="artix7" description="" />
   <keyValuePair key="ff_toggle" value="12.500000" description="" />
   <keyValuePair key="flow_state" value="routed" description="" />
   <keyValuePair key="heatsink" value="medium (Medium Profile)" description="" />
   <keyValuePair key="i/o" value="7.385624" description="" />
   <keyValuePair key="input_toggle" value="12.500000" description="" />
   <keyValuePair key="junction_temp" value="62.9 (C)" description="" />
   <keyValuePair key="logic" value="0.007097" description="" />
   <keyValuePair key="mgtavcc_dynamic_current" value="0.000000" description="" />
   <keyValuePair key="mgtavcc_static_current" value="0.000000" description="" />
   <keyValuePair key="mgtavcc_total_current" value="0.000000" description="" />
   <keyValuePair key="mgtavcc_voltage" value="1.000000" description="" />
   <keyValuePair key="mgtavtt_dynamic_current" value="0.000000" description="" />
   <keyValuePair key="mgtavtt_static_current" value="0.000000" description="" />
   <keyValuePair key="mgtavtt_total_current" value="0.000000" description="" />
   <keyValuePair key="mgtavtt_voltage" value="1.200000" description="" />
   <keyValuePair key="netlist_net_matched" value="NA" description="" />
   <keyValuePair key="off-chip_power" value="0.000000" description="" />
   <keyValuePair key="on-chip_power" value="7.575751" description="" />
   <keyValuePair key="output_enable" value="1.000000" description="" />
   <keyValuePair key="output_load" value="5.000000" description="" />
   <keyValuePair key="output_toggle" value="12.500000" description="" />
   <keyValuePair key="package" value="cpg236" description="" />
   <keyValuePair key="pct_clock_constrained" value="0.000000" description="" />
   <keyValuePair key="pct_inputs_defined" value="0" description="" />
   <keyValuePair key="platform" value="nt64" description="" />
   <keyValuePair key="process" value="typical" description="" />
   <keyValuePair key="ram_enable" value="50.000000" description="" />
   <keyValuePair key="ram_write" value="50.000000" description="" />
   <keyValuePair key="read_saif" value="False" description="" />
   <keyValuePair key="set/reset_probability" value="0.000000" description="" />
   <keyValuePair key="signal_rate" value="False" description="" />
   <keyValuePair key="signals" value="0.073195" description="" />
   <keyValuePair key="simulation_file" value="None" description="" />
   <keyValuePair key="speedgrade" value="-1" description="" />
   <keyValuePair key="static_prob" value="False" description="" />
   <keyValuePair key="temp_grade" value="commercial" description="" />
   <keyValuePair key="thetajb" value="7.5 (C/W)" description="" />
   <keyValuePair key="thetasa" value="4.6 (C/W)" description="" />
   <keyValuePair key="toggle_rate" value="False" description="" />
   <keyValuePair key="user_board_temp" value="25.0 (C)" description="" />
   <keyValuePair key="user_effective_thetaja" value="5.0" description="" />
   <keyValuePair key="user_junc_temp" value="62.9 (C)" description="" />
   <keyValuePair key="user_thetajb" value="7.5 (C/W)" description="" />
   <keyValuePair key="user_thetasa" value="4.6 (C/W)" description="" />
   <keyValuePair key="vccadc_dynamic_current" value="0.000000" description="" />
   <keyValuePair key="vccadc_static_current" value="0.020000" description="" />
   <keyValuePair key="vccadc_total_current" value="0.020000" description="" />
   <keyValuePair key="vccadc_voltage" value="1.800000" description="" />
   <keyValuePair key="vccaux_dynamic_current" value="0.269175" description="" />
   <keyValuePair key="vccaux_io_dynamic_current" value="0.000000" description="" />
   <keyValuePair key="vccaux_io_static_current" value="0.000000" description="" />
   <keyValuePair key="vccaux_io_total_current" value="0.000000" description="" />
   <keyValuePair key="vccaux_io_voltage" value="1.800000" description="" />
   <keyValuePair key="vccaux_static_current" value="0.015920" description="" />
   <keyValuePair key="vccaux_total_current" value="0.285095" description="" />
   <keyValuePair key="vccaux_voltage" value="1.800000" description="" />
   <keyValuePair key="vccbram_dynamic_current" value="0.000000" description="" />
   <keyValuePair key="vccbram_static_current" value="0.000813" description="" />
   <keyValuePair key="vccbram_total_current" value="0.000813" description="" />
   <keyValuePair key="vccbram_voltage" value="1.000000" description="" />
   <keyValuePair key="vccint_dynamic_current" value="0.120291" description="" />
   <keyValuePair key="vccint_static_current" value="0.041066" description="" />
   <keyValuePair key="vccint_total_current" value="0.161358" description="" />
   <keyValuePair key="vccint_voltage" value="1.000000" description="" />
   <keyValuePair key="vcco12_dynamic_current" value="0.000000" description="" />
   <keyValuePair key="vcco12_static_current" value="0.000000" description="" />
   <keyValuePair key="vcco12_total_current" value="0.000000" description="" />
   <keyValuePair key="vcco12_voltage" value="1.200000" description="" />
   <keyValuePair key="vcco135_dynamic_current" value="0.000000" description="" />
   <keyValuePair key="vcco135_static_current" value="0.000000" description="" />
   <keyValuePair key="vcco135_total_current" value="0.000000" description="" />
   <keyValuePair key="vcco135_voltage" value="1.350000" description="" />
   <keyValuePair key="vcco15_dynamic_current" value="0.000000" description="" />
   <keyValuePair key="vcco15_static_current" value="0.000000" description="" />
   <keyValuePair key="vcco15_total_current" value="0.000000" description="" />
   <keyValuePair key="vcco15_voltage" value="1.500000" description="" />
   <keyValuePair key="vcco18_dynamic_current" value="0.000000" description="" />
   <keyValuePair key="vcco18_static_current" value="0.000000" description="" />
   <keyValuePair key="vcco18_total_current" value="0.000000" description="" />
   <keyValuePair key="vcco18_voltage" value="1.800000" description="" />
   <keyValuePair key="vcco25_dynamic_current" value="0.000000" description="" />
   <keyValuePair key="vcco25_static_current" value="0.000000" description="" />
   <keyValuePair key="vcco25_total_current" value="0.000000" description="" />
   <keyValuePair key="vcco25_voltage" value="2.500000" description="" />
   <keyValuePair key="vcco33_dynamic_current" value="2.079124" description="" />
   <keyValuePair key="vcco33_static_current" value="0.001000" description="" />
   <keyValuePair key="vcco33_total_current" value="2.080124" description="" />
   <keyValuePair key="vcco33_voltage" value="3.300000" description="" />
   <keyValuePair key="version" value="2018.2" description="" />
  </section>
 </section>
 <section name="report_utilization" level="1" order="6" description="">
  <section name="clocking" level="2" order="1" description="">
   <keyValuePair key="bufgctrl_available" value="32" description="" />
   <keyValuePair key="bufgctrl_fixed" value="0" description="" />
   <keyValuePair key="bufgctrl_used" value="0" description="" />
   <keyValuePair key="bufgctrl_util_percentage" value="0.00" description="" />
   <keyValuePair key="bufhce_available" value="72" description="" />
   <keyValuePair key="bufhce_fixed" value="0" description="" />
   <keyValuePair key="bufhce_used" value="0" description="" />
   <keyValuePair key="bufhce_util_percentage" value="0.00" description="" />
   <keyValuePair key="bufio_available" value="20" description="" />
   <keyValuePair key="bufio_fixed" value="0" description="" />
   <keyValuePair key="bufio_used" value="0" description="" />
   <keyValuePair key="bufio_util_percentage" value="0.00" description="" />
   <keyValuePair key="bufmrce_available" value="10" description="" />
   <keyValuePair key="bufmrce_fixed" value="0" description="" />
   <keyValuePair key="bufmrce_used" value="0" description="" />
   <keyValuePair key="bufmrce_util_percentage" value="0.00" description="" />
   <keyValuePair key="bufr_available" value="20" description="" />
   <keyValuePair key="bufr_fixed" value="0" description="" />
   <keyValuePair key="bufr_used" value="0" description="" />
   <keyValuePair key="bufr_util_percentage" value="0.00" description="" />
   <keyValuePair key="mmcme2_adv_available" value="5" description="" />
   <keyValuePair key="mmcme2_adv_fixed" value="0" description="" />
   <keyValuePair key="mmcme2_adv_used" value="0" description="" />
   <keyValuePair key="mmcme2_adv_util_percentage" value="0.00" description="" />
   <keyValuePair key="plle2_adv_available" value="5" description="" />
   <keyValuePair key="plle2_adv_fixed" value="0" description="" />
   <keyValuePair key="plle2_adv_used" value="0" description="" />
   <keyValuePair key="plle2_adv_util_percentage" value="0.00" description="" />
  </section>
  <section name="dsp" level="2" order="2" description="">
   <keyValuePair key="dsps_available" value="90" description="" />
   <keyValuePair key="dsps_fixed" value="0" description="" />
   <keyValuePair key="dsps_used" value="0" description="" />
   <keyValuePair key="dsps_util_percentage" value="0.00" description="" />
  </section>
  <section name="io_standard" level="2" order="3" description="">
   <keyValuePair key="blvds_25" value="0" description="" />
   <keyValuePair key="diff_hstl_i" value="0" description="" />
   <keyValuePair key="diff_hstl_i_18" value="0" description="" />
   <keyValuePair key="diff_hstl_ii" value="0" description="" />
   <keyValuePair key="diff_hstl_ii_18" value="0" description="" />
   <keyValuePair key="diff_hsul_12" value="0" description="" />
   <keyValuePair key="diff_mobile_ddr" value="0" description="" />
   <keyValuePair key="diff_sstl135" value="0" description="" />
   <keyValuePair key="diff_sstl135_r" value="0" description="" />
   <keyValuePair key="diff_sstl15" value="0" description="" />
   <keyValuePair key="diff_sstl15_r" value="0" description="" />
   <keyValuePair key="diff_sstl18_i" value="0" description="" />
   <keyValuePair key="diff_sstl18_ii" value="0" description="" />
   <keyValuePair key="hstl_i" value="0" description="" />
   <keyValuePair key="hstl_i_18" value="0" description="" />
   <keyValuePair key="hstl_ii" value="0" description="" />
   <keyValuePair key="hstl_ii_18" value="0" description="" />
   <keyValuePair key="hsul_12" value="0" description="" />
   <keyValuePair key="lvcmos12" value="0" description="" />
   <keyValuePair key="lvcmos15" value="0" description="" />
   <keyValuePair key="lvcmos18" value="0" description="" />
   <keyValuePair key="lvcmos25" value="0" description="" />
   <keyValuePair key="lvcmos33" value="1" description="" />
   <keyValuePair key="lvds_25" value="0" description="" />
   <keyValuePair key="lvttl" value="0" description="" />
   <keyValuePair key="mini_lvds_25" value="0" description="" />
   <keyValuePair key="mobile_ddr" value="0" description="" />
   <keyValuePair key="pci33_3" value="0" description="" />
   <keyValuePair key="ppds_25" value="0" description="" />
   <keyValuePair key="rsds_25" value="0" description="" />
   <keyValuePair key="sstl135" value="0" description="" />
   <keyValuePair key="sstl135_r" value="0" description="" />
   <keyValuePair key="sstl15" value="0" description="" />
   <keyValuePair key="sstl15_r" value="0" description="" />
   <keyValuePair key="sstl18_i" value="0" description="" />
   <keyValuePair key="sstl18_ii" value="0" description="" />
   <keyValuePair key="tmds_33" value="0" description="" />
  </section>
  <section name="memory" level="2" order="4" description="">
   <keyValuePair key="block_ram_tile_available" value="50" description="" />
   <keyValuePair key="block_ram_tile_fixed" value="0" description="" />
   <keyValuePair key="block_ram_tile_used" value="0" description="" />
   <keyValuePair key="block_ram_tile_util_percentage" value="0.00" description="" />
   <keyValuePair key="ramb18_available" value="100" description="" />
   <keyValuePair key="ramb18_fixed" value="0" description="" />
   <keyValuePair key="ramb18_used" value="0" description="" />
   <keyValuePair key="ramb18_util_percentage" value="0.00" description="" />
   <keyValuePair key="ramb36_fifo_available" value="50" description="" />
   <keyValuePair key="ramb36_fifo_fixed" value="0" description="" />
   <keyValuePair key="ramb36_fifo_used" value="0" description="" />
   <keyValuePair key="ramb36_fifo_util_percentage" value="0.00" description="" />
  </section>
  <section name="primitives" level="2" order="5" description="">
   <keyValuePair key="ibuf_functional_category" value="IO" description="" />
   <keyValuePair key="ibuf_used" value="10" description="" />
   <keyValuePair key="lut5_functional_category" value="LUT" description="" />
   <keyValuePair key="lut5_used" value="2" description="" />
   <keyValuePair key="lut6_functional_category" value="LUT" description="" />
   <keyValuePair key="lut6_used" value="1" description="" />
   <keyValuePair key="obuf_functional_category" value="IO" description="" />
   <keyValuePair key="obuf_used" value="22" description="" />
  </section>
  <section name="slice_logic" level="2" order="6" description="">
   <keyValuePair key="f7_muxes_available" value="16300" description="" />
   <keyValuePair key="f7_muxes_fixed" value="0" description="" />
   <keyValuePair key="f7_muxes_used" value="0" description="" />
   <keyValuePair key="f7_muxes_util_percentage" value="0.00" description="" />
   <keyValuePair key="f8_muxes_available" value="8150" description="" />
   <keyValuePair key="f8_muxes_fixed" value="0" description="" />
   <keyValuePair key="f8_muxes_used" value="0" description="" />
   <keyValuePair key="f8_muxes_util_percentage" value="0.00" description="" />
   <keyValuePair key="lut_as_distributed_ram_fixed" value="0" description="" />
   <keyValuePair key="lut_as_distributed_ram_used" value="0" description="" />
   <keyValuePair key="lut_as_logic_available" value="20800" description="" />
   <keyValuePair key="lut_as_logic_available" value="20800" description="" />
   <keyValuePair key="lut_as_logic_fixed" value="0" description="" />
   <keyValuePair key="lut_as_logic_fixed" value="0" description="" />
   <keyValuePair key="lut_as_logic_used" value="2" description="" />
   <keyValuePair key="lut_as_logic_used" value="2" description="" />
   <keyValuePair key="lut_as_logic_util_percentage" value="&lt;0.01" description="" />
   <keyValuePair key="lut_as_logic_util_percentage" value="&lt;0.01" description="" />
   <keyValuePair key="lut_as_memory_available" value="9600" description="" />
   <keyValuePair key="lut_as_memory_available" value="9600" description="" />
   <keyValuePair key="lut_as_memory_fixed" value="0" description="" />
   <keyValuePair key="lut_as_memory_fixed" value="0" description="" />
   <keyValuePair key="lut_as_memory_used" value="0" description="" />
   <keyValuePair key="lut_as_memory_used" value="0" description="" />
   <keyValuePair key="lut_as_memory_util_percentage" value="0.00" description="" />
   <keyValuePair key="lut_as_memory_util_percentage" value="0.00" description="" />
   <keyValuePair key="lut_as_shift_register_fixed" value="0" description="" />
   <keyValuePair key="lut_as_shift_register_used" value="0" description="" />
   <keyValuePair key="lut_flip_flop_pairs_available" value="20800" description="" />
   <keyValuePair key="lut_flip_flop_pairs_fixed" value="0" description="" />
   <keyValuePair key="lut_flip_flop_pairs_used" value="0" description="" />
   <keyValuePair key="lut_flip_flop_pairs_util_percentage" value="0.00" description="" />
   <keyValuePair key="register_as_flip_flop_available" value="41600" description="" />
   <keyValuePair key="register_as_flip_flop_fixed" value="0" description="" />
   <keyValuePair key="register_as_flip_flop_used" value="0" description="" />
   <keyValuePair key="register_as_flip_flop_util_percentage" value="0.00" description="" />
   <keyValuePair key="register_as_latch_available" value="41600" description="" />
   <keyValuePair key="register_as_latch_fixed" value="0" description="" />
   <keyValuePair key="register_as_latch_used" value="0" description="" />
   <keyValuePair key="register_as_latch_util_percentage" value="0.00" description="" />
   <keyValuePair key="slice_available" value="8150" description="" />
   <keyValuePair key="slice_fixed" value="0" description="" />
   <keyValuePair key="slice_luts_available" value="20800" description="" />
   <keyValuePair key="slice_luts_fixed" value="0" description="" />
   <keyValuePair key="slice_luts_used" value="2" description="" />
   <keyValuePair key="slice_luts_util_percentage" value="&lt;0.01" description="" />
   <keyValuePair key="slice_registers_available" value="41600" description="" />
   <keyValuePair key="slice_registers_fixed" value="0" description="" />
   <keyValuePair key="slice_registers_used" value="0" description="" />
   <keyValuePair key="slice_registers_util_percentage" value="0.00" description="" />
   <keyValuePair key="slice_used" value="2" description="" />
   <keyValuePair key="slice_util_percentage" value="0.02" description="" />
   <keyValuePair key="slicel_fixed" value="0" description="" />
   <keyValuePair key="slicel_used" value="2" description="" />
   <keyValuePair key="slicem_fixed" value="0" description="" />
   <keyValuePair key="slicem_used" value="0" description="" />
   <keyValuePair key="unique_control_sets_used" value="0" description="" />
   <keyValuePair key="using_o5_and_o6_fixed" value="0" description="" />
   <keyValuePair key="using_o5_and_o6_used" value="1" description="" />
   <keyValuePair key="using_o5_output_only_fixed" value="1" description="" />
   <keyValuePair key="using_o5_output_only_used" value="0" description="" />
   <keyValuePair key="using_o6_output_only_fixed" value="0" description="" />
   <keyValuePair key="using_o6_output_only_used" value="1" description="" />
  </section>
  <section name="specific_feature" level="2" order="7" description="">
   <keyValuePair key="bscane2_available" value="4" description="" />
   <keyValuePair key="bscane2_fixed" value="0" description="" />
   <keyValuePair key="bscane2_used" value="0" description="" />
   <keyValuePair key="bscane2_util_percentage" value="0.00" description="" />
   <keyValuePair key="capturee2_available" value="1" description="" />
   <keyValuePair key="capturee2_fixed" value="0" description="" />
   <keyValuePair key="capturee2_used" value="0" description="" />
   <keyValuePair key="capturee2_util_percentage" value="0.00" description="" />
   <keyValuePair key="dna_port_available" value="1" description="" />
   <keyValuePair key="dna_port_fixed" value="0" description="" />
   <keyValuePair key="dna_port_used" value="0" description="" />
   <keyValuePair key="dna_port_util_percentage" value="0.00" description="" />
   <keyValuePair key="efuse_usr_available" value="1" description="" />
   <keyValuePair key="efuse_usr_fixed" value="0" description="" />
   <keyValuePair key="efuse_usr_used" value="0" description="" />
   <keyValuePair key="efuse_usr_util_percentage" value="0.00" description="" />
   <keyValuePair key="frame_ecce2_available" value="1" description="" />
   <keyValuePair key="frame_ecce2_fixed" value="0" description="" />
   <keyValuePair key="frame_ecce2_used" value="0" description="" />
   <keyValuePair key="frame_ecce2_util_percentage" value="0.00" description="" />
   <keyValuePair key="icape2_available" value="2" description="" />
   <keyValuePair key="icape2_fixed" value="0" description="" />
   <keyValuePair key="icape2_used" value="0" description="" />
   <keyValuePair key="icape2_util_percentage" value="0.00" description="" />
   <keyValuePair key="pcie_2_1_available" value="1" description="" />
   <keyValuePair key="pcie_2_1_fixed" value="0" description="" />
   <keyValuePair key="pcie_2_1_used" value="0" description="" />
   <keyValuePair key="pcie_2_1_util_percentage" value="0.00" description="" />
   <keyValuePair key="startupe2_available" value="1" description="" />
   <keyValuePair key="startupe2_fixed" value="0" description="" />
   <keyValuePair key="startupe2_used" value="0" description="" />
   <keyValuePair key="startupe2_util_percentage" value="0.00" description="" />
   <keyValuePair key="xadc_available" value="1" description="" />
   <keyValuePair key="xadc_fixed" value="0" description="" />
   <keyValuePair key="xadc_used" value="0" description="" />
   <keyValuePair key="xadc_util_percentage" value="0.00" description="" />
  </section>
 </section>
 <section name="router" level="1" order="7" description="">
  <section name="usage" level="2" order="1" description="">
   <keyValuePair key="actual_expansions" value="6163" description="" />
   <keyValuePair key="bogomips" value="0" description="" />
   <keyValuePair key="bram18" value="0" description="" />
   <keyValuePair key="bram36" value="0" description="" />
   <keyValuePair key="bufg" value="0" description="" />
   <keyValuePair key="bufr" value="0" description="" />
   <keyValuePair key="ctrls" value="0" description="" />
   <keyValuePair key="dsp" value="0" description="" />
   <keyValuePair key="effort" value="2" description="" />
   <keyValuePair key="estimated_expansions" value="54264" description="" />
   <keyValuePair key="ff" value="0" description="" />
   <keyValuePair key="global_clocks" value="0" description="" />
   <keyValuePair key="high_fanout_nets" value="0" description="" />
   <keyValuePair key="iob" value="32" description="" />
   <keyValuePair key="lut" value="2" description="" />
   <keyValuePair key="movable_instances" value="37" description="" />
   <keyValuePair key="nets" value="47" description="" />
   <keyValuePair key="pins" value="85" description="" />
   <keyValuePair key="pll" value="0" description="" />
   <keyValuePair key="router_runtime" value="0.000000" description="" />
   <keyValuePair key="router_timing_driven" value="1" description="" />
   <keyValuePair key="threads" value="2" description="" />
   <keyValuePair key="timing_constraints_exist" value="1" description="" />
  </section>
 </section>
 <section name="synthesis" level="1" order="8" description="">
  <section name="command_line_options" level="2" order="1" description="">
   <keyValuePair key="-assert" value="default::[not_specified]" description="" />
   <keyValuePair key="-bufg" value="default::12" description="" />
   <keyValuePair key="-cascade_dsp" value="default::auto" description="" />
   <keyValuePair key="-constrset" value="default::[not_specified]" description="" />
   <keyValuePair key="-control_set_opt_threshold" value="default::auto" description="" />
   <keyValuePair key="-directive" value="default::default" description="" />
   <keyValuePair key="-fanout_limit" value="default::10000" description="" />
   <keyValuePair key="-flatten_hierarchy" value="default::rebuilt" description="" />
   <keyValuePair key="-fsm_extraction" value="default::auto" description="" />
   <keyValuePair key="-gated_clock_conversion" value="default::off" description="" />
   <keyValuePair key="-generic" value="default::[not_specified]" description="" />
   <keyValuePair key="-include_dirs" value="default::[not_specified]" description="" />
   <keyValuePair key="-keep_equivalent_registers" value="default::[not_specified]" description="" />
   <keyValuePair key="-max_bram" value="default::-1" description="" />
   <keyValuePair key="-max_bram_cascade_height" value="default::-1" description="" />
   <keyValuePair key="-max_dsp" value="default::-1" description="" />
   <keyValuePair key="-max_uram" value="default::-1" description="" />
   <keyValuePair key="-max_uram_cascade_height" value="default::-1" description="" />
   <keyValuePair key="-mode" value="default::default" description="" />
   <keyValuePair key="-name" value="default::[not_specified]" description="" />
   <keyValuePair key="-no_lc" value="default::[not_specified]" description="" />
   <keyValuePair key="-no_srlextract" value="default::[not_specified]" description="" />
   <keyValuePair key="-no_timing_driven" value="default::[not_specified]" description="" />
   <keyValuePair key="-part" value="xc7a35tcpg236-1" description="" />
   <keyValuePair key="-resource_sharing" value="default::auto" description="" />
   <keyValuePair key="-retiming" value="default::[not_specified]" description="" />
   <keyValuePair key="-rtl" value="default::[not_specified]" description="" />
   <keyValuePair key="-rtl_skip_constraints" value="default::[not_specified]" description="" />
   <keyValuePair key="-rtl_skip_ip" value="default::[not_specified]" description="" />
   <keyValuePair key="-seu_protect" value="default::none" description="" />
   <keyValuePair key="-sfcu" value="default::[not_specified]" description="" />
   <keyValuePair key="-shreg_min_size" value="default::3" description="" />
   <keyValuePair key="-top" value="main" description="" />
   <keyValuePair key="-verilog_define" value="default::[not_specified]" description="" />
  </section>
  <section name="usage" level="2" order="2" description="">
   <keyValuePair key="elapsed" value="00:00:16s" description="" />
   <keyValuePair key="hls_ip" value="0" description="" />
   <keyValuePair key="memory_gain" value="476.914MB" description="" />
   <keyValuePair key="memory_peak" value="722.766MB" description="" />
  </section>
 </section>
 <section name="unisim_transformation" level="1" order="9" description="">
  <section name="post_unisim_transformation" level="2" order="1" description="">
   <keyValuePair key="gnd" value="1" description="" />
   <keyValuePair key="ibuf" value="10" description="" />
   <keyValuePair key="lut5" value="2" description="" />
   <keyValuePair key="lut6" value="1" description="" />
   <keyValuePair key="obuf" value="22" description="" />
   <keyValuePair key="vcc" value="1" description="" />
  </section>
  <section name="pre_unisim_transformation" level="2" order="2" description="">
   <keyValuePair key="gnd" value="1" description="" />
   <keyValuePair key="ibuf" value="10" description="" />
   <keyValuePair key="lut5" value="2" description="" />
   <keyValuePair key="lut6" value="1" description="" />
   <keyValuePair key="obuf" value="22" description="" />
   <keyValuePair key="vcc" value="1" description="" />
  </section>
 </section>
 <section name="vivado_usage" level="1" order="10" description="">
  <section name="gui_handlers" level="2" order="1" description="">
   <keyValuePair key="archiveprojectdialog_archive_name" value="1" description="" />
   <keyValuePair key="archiveprojectdialog_include_configuration_settings" value="1" description="" />
   <keyValuePair key="basedialog_cancel" value="4" description="" />
   <keyValuePair key="basedialog_ok" value="26" description="" />
   <keyValuePair key="basedialog_yes" value="8" description="" />
   <keyValuePair key="cmdmsgdialog_ok" value="3" description="" />
   <keyValuePair key="filesetpanel_file_set_panel_tree" value="15" description="" />
   <keyValuePair key="flownavigatortreepanel_flow_navigator_tree" value="32" description="" />
   <keyValuePair key="mainmenumgr_checkpoint" value="2" description="" />
   <keyValuePair key="mainmenumgr_edit" value="2" description="" />
   <keyValuePair key="mainmenumgr_file" value="14" description="" />
   <keyValuePair key="mainmenumgr_import" value="3" description="" />
   <keyValuePair key="mainmenumgr_ip" value="3" description="" />
   <keyValuePair key="mainmenumgr_open_recent_project" value="1" description="" />
   <keyValuePair key="mainmenumgr_project" value="10" description="" />
   <keyValuePair key="mainmenumgr_text_editor" value="3" description="" />
   <keyValuePair key="msgtreepanel_message_view_tree" value="8" description="" />
   <keyValuePair key="msgview_warning_messages" value="2" description="" />
   <keyValuePair key="pacommandnames_archive_project" value="1" description="" />
   <keyValuePair key="pacommandnames_auto_connect_target" value="3" description="" />
   <keyValuePair key="pacommandnames_close_hardware_design" value="1" description="" />
   <keyValuePair key="pacommandnames_open_hardware_manager" value="3" description="" />
   <keyValuePair key="pacommandnames_open_project" value="4" description="" />
   <keyValuePair key="pacommandnames_open_target_wizard" value="1" description="" />
   <keyValuePair key="paviews_device" value="1" description="" />
   <keyValuePair key="paviews_schematic" value="1" description="" />
   <keyValuePair key="planaheadtab_show_flow_navigator" value="1" description="" />
   <keyValuePair key="programdebugtab_open_target" value="2" description="" />
   <keyValuePair key="programdebugtab_program_device" value="18" description="" />
   <keyValuePair key="programfpgadialog_program" value="15" description="" />
   <keyValuePair key="programfpgadialog_specify_bitstream_file" value="3" description="" />
   <keyValuePair key="rungadget_show_error_and_critical_warning_messages" value="2" description="" />
   <keyValuePair key="saveprojectutils_save" value="2" description="" />
   <keyValuePair key="syntheticagettingstartedview_recent_projects" value="1" description="" />
   <keyValuePair key="touchpointsurveydialog_no" value="1" description="" />
  </section>
  <section name="java_command_handlers" level="2" order="2" description="">
   <keyValuePair key="archiveproject" value="1" description="" />
   <keyValuePair key="autoconnecttarget" value="3" description="" />
   <keyValuePair key="closedesign" value="1" description="" />
   <keyValuePair key="closeproject" value="1" description="" />
   <keyValuePair key="editundo" value="2" description="" />
   <keyValuePair key="launchopentarget" value="1" description="" />
   <keyValuePair key="launchprogramfpga" value="18" description="" />
   <keyValuePair key="openhardwaremanager" value="13" description="" />
   <keyValuePair key="openproject" value="4" description="" />
   <keyValuePair key="openrecenttarget" value="2" description="" />
   <keyValuePair key="runbitgen" value="16" description="" />
   <keyValuePair key="runschematic" value="1" description="" />
   <keyValuePair key="showview" value="4" description="" />
   <keyValuePair key="viewtaskimplementation" value="2" description="" />
   <keyValuePair key="viewtaskprojectmanager" value="7" description="" />
  </section>
  <section name="other_data" level="2" order="3" description="">
   <keyValuePair key="guimode" value="10" description="" />
  </section>
  <section name="project_data" level="2" order="4" description="">
   <keyValuePair key="constraintsetcount" value="1" description="" />
   <keyValuePair key="core_container" value="false" description="" />
   <keyValuePair key="currentimplrun" value="impl_1" description="" />
   <keyValuePair key="currentsynthesisrun" value="synth_1" description="" />
   <keyValuePair key="default_library" value="xil_defaultlib" description="" />
   <keyValuePair key="designmode" value="RTL" description="" />
   <keyValuePair key="export_simulation_activehdl" value="0" description="" />
   <keyValuePair key="export_simulation_ies" value="0" description="" />
   <keyValuePair key="export_simulation_modelsim" value="0" description="" />
   <keyValuePair key="export_simulation_questa" value="0" description="" />
   <keyValuePair key="export_simulation_riviera" value="0" description="" />
   <keyValuePair key="export_simulation_vcs" value="0" description="" />
   <keyValuePair key="export_simulation_xsim" value="0" description="" />
   <keyValuePair key="implstrategy" value="Vivado Implementation Defaults" description="" />
   <keyValuePair key="launch_simulation_activehdl" value="0" description="" />
   <keyValuePair key="launch_simulation_ies" value="0" description="" />
   <keyValuePair key="launch_simulation_modelsim" value="0" description="" />
   <keyValuePair key="launch_simulation_questa" value="0" description="" />
   <keyValuePair key="launch_simulation_riviera" value="0" description="" />
   <keyValuePair key="launch_simulation_vcs" value="0" description="" />
   <keyValuePair key="launch_simulation_xsim" value="12" description="" />
   <keyValuePair key="simulator_language" value="Mixed" description="" />
   <keyValuePair key="srcsetcount" value="1" description="" />
   <keyValuePair key="synthesisstrategy" value="Vivado Synthesis Defaults" description="" />
   <keyValuePair key="target_language" value="Verilog" description="" />
   <keyValuePair key="target_simulator" value="XSim" description="" />
   <keyValuePair key="totalimplruns" value="1" description="" />
   <keyValuePair key="totalsynthesisruns" value="1" description="" />
  </section>
 </section>
 <section name="xsim" level="1" order="11" description="">
  <section name="command_line_options" level="2" order="1" description="">
   <keyValuePair key="-sim_mode" value="default::behavioral" description="" />
   <keyValuePair key="-sim_type" value="default::" description="" />
  </section>
 </section>
</section>
</webTalkData>
